-- Insert demo users
INSERT INTO users (id, email, password, first_name, last_name, role, company_name, phone, is_active, email_verified, created_at, updated_at) VALUES
-- Password for all users is 'password123' (hashed with bcrypt)
('550e8400-e29b-41d4-a716-446655440001', 'admin@tms.com', '$2a$12$LQv3c1yqBWVHxkd0LHAkCOYz6TtxMQJqhN8/LewdBPj/VcSAg/9qm', 'Admin', 'User', 'admin', 'TMS Admin', '+1234567890', true, true, NOW(), NOW()),
('550e8400-e29b-41d4-a716-446655440002', 'creator@tms.com', '$2a$12$LQv3c1yqBWVHxkd0LHAkCOYz6TtxMQJqhN8/LewdBPj/VcSAg/9qm', 'John', 'Creator', 'tender-creator', 'ABC Corporation', '+1234567891', true, true, NOW(), NOW()),
('550e8400-e29b-41d4-a716-446655440003', 'vendor@tms.com', '$2a$12$LQv3c1yqBWVHxkd0LHAkCOYz6TtxMQJqhN8/LewdBPj/VcSAg/9qm', 'Jane', 'Vendor', 'vendor', 'XYZ Solutions', '+1234567892', true, true, NOW(), NOW()),
('550e8400-e29b-41d4-a716-446655440004', 'creator2@tms.com', '$2a$12$LQv3c1yqBWVHxkd0LHAkCOYz6TtxMQJqhN8/LewdBPj/VcSAg/9qm', 'Sarah', 'Johnson', 'tender-creator', 'Tech Innovations Ltd', '+1234567893', true, true, NOW(), NOW()),
('550e8400-e29b-41d4-a716-446655440005', 'vendor2@tms.com', '$2a$12$LQv3c1yqBWVHxkd0LHAkCOYz6TtxMQJqhN8/LewdBPj/VcSAg/9qm', 'Mike', 'Wilson', 'vendor', 'BuildRight Construction', '+1234567894', true, true, NOW(), NOW()),
('550e8400-e29b-41d4-a716-446655440006', 'vendor3@tms.com', '$2a$12$LQv3c1yqBWVHxkd0LHAkCOYz6TtxMQJqhN8/LewdBPj/VcSAg/9qm', 'Lisa', 'Brown', 'vendor', 'Digital Services Pro', '+1234567895', true, true, NOW(), NOW());

-- Insert user settings for all users
INSERT INTO user_settings (user_id, email_notifications, push_notifications, marketing_emails, language, timezone) VALUES
('550e8400-e29b-41d4-a716-446655440001', true, true, false, 'en', 'UTC'),
('550e8400-e29b-41d4-a716-446655440002', true, true, true, 'en', 'America/New_York'),
('550e8400-e29b-41d4-a716-446655440003', true, false, false, 'en', 'Europe/London'),
('550e8400-e29b-41d4-a716-446655440004', true, true, true, 'en', 'America/Los_Angeles'),
('550e8400-e29b-41d4-a716-446655440005', false, true, false, 'en', 'America/Chicago'),
('550e8400-e29b-41d4-a716-446655440006', true, true, false, 'en', 'Asia/Tokyo');

-- Insert sample tenders
INSERT INTO tenders (id, title, description, category, budget, deadline, location, requirements, status, created_by, views_count, created_at, updated_at) VALUES
('660e8400-e29b-41d4-a716-446655440001', 'Website Development for E-commerce Platform', 'We need a modern, responsive e-commerce website with payment integration, inventory management, and user authentication. The platform should support multiple vendors and have an admin dashboard.', 'Web Development', 50000.00, '2024-03-15 23:59:59', 'New York, NY', '["React/Next.js frontend", "Node.js backend", "PostgreSQL database", "Payment gateway integration", "Mobile responsive design", "SEO optimization"]', 'published', '550e8400-e29b-41d4-a716-446655440002', 45, NOW() - INTERVAL '5 days', NOW()),
('660e8400-e29b-41d4-a716-446655440002', 'Mobile App Development for Food Delivery', 'Looking for experienced mobile app developers to create a food delivery application similar to UberEats. Need both iOS and Android versions with real-time tracking and payment processing.', 'Mobile Development', 75000.00, '2024-03-20 23:59:59', 'San Francisco, CA', '["React Native or Flutter", "Real-time GPS tracking", "Push notifications", "Payment integration", "Admin panel", "Restaurant dashboard"]', 'published', '550e8400-e29b-41d4-a716-446655440002', 32, NOW() - INTERVAL '3 days', NOW()),
('660e8400-e29b-41d4-a716-446655440003', 'Office Building Construction', 'Construction of a 10-story office building with modern amenities, parking garage, and sustainable energy features. Project includes architectural design, construction, and interior finishing.', 'Construction', 2500000.00, '2024-04-30 23:59:59', 'Chicago, IL', '["LEED certification", "Steel frame construction", "Modern HVAC systems", "Underground parking", "Solar panel installation", "High-speed internet infrastructure"]', 'published', '550e8400-e29b-41d4-a716-446655440004', 67, NOW() - INTERVAL '7 days', NOW()),
('660e8400-e29b-41d4-a716-446655440004', 'Digital Marketing Campaign for Product Launch', 'Comprehensive digital marketing strategy for launching a new SaaS product. Includes social media marketing, content creation, SEO, PPC campaigns, and influencer partnerships.', 'Marketing', 25000.00, '2024-03-10 23:59:59', 'Remote', '["Social media strategy", "Content marketing", "Google Ads management", "SEO optimization", "Email marketing", "Analytics and reporting"]', 'published', '550e8400-e29b-41d4-a716-446655440002', 28, NOW() - INTERVAL '2 days', NOW()),
('660e8400-e29b-41d4-a716-446655440005', 'Cloud Infrastructure Setup and Migration', 'Migration of existing on-premise infrastructure to AWS cloud with high availability, security, and cost optimization. Includes setup of CI/CD pipelines and monitoring systems.', 'Cloud Services', 40000.00, '2024-03-25 23:59:59', 'Remote', '["AWS expertise", "Docker containerization", "Kubernetes orchestration", "CI/CD pipeline setup", "Security best practices", "Cost optimization"]', 'published', '550e8400-e29b-41d4-a716-446655440004', 19, NOW() - INTERVAL '1 day', NOW()),
('660e8400-e29b-41d4-a716-446655440006', 'Data Analytics Dashboard Development', 'Development of a comprehensive analytics dashboard for business intelligence. Should include data visualization, real-time reporting, and predictive analytics capabilities.', 'Data Analytics', 35000.00, '2024-03-18 23:59:59', 'Boston, MA', '["Python/R for analytics", "React/Vue.js frontend", "Database optimization", "Data visualization libraries", "Machine learning integration", "Real-time data processing"]', 'published', '550e8400-e29b-41d4-a716-446655440002', 41, NOW() - INTERVAL '4 days', NOW()),
('660e8400-e29b-41d4-a716-446655440007', 'Cybersecurity Audit and Implementation', 'Comprehensive cybersecurity audit of existing systems and implementation of security measures. Includes penetration testing, security policy development, and staff training.', 'Cybersecurity', 60000.00, '2024-04-05 23:59:59', 'Washington, DC', '["Security audit expertise", "Penetration testing", "Compliance frameworks", "Security policy development", "Staff training programs", "Incident response planning"]', 'draft', '550e8400-e29b-41d4-a716-446655440004', 0, NOW(), NOW());

-- Insert sample bids
INSERT INTO bids (id, tender_id, vendor_id, amount, proposal, delivery_time, status, submitted_at, created_at, updated_at) VALUES
('770e8400-e29b-41d4-a716-446655440001', '660e8400-e29b-41d4-a716-446655440001', '550e8400-e29b-41d4-a716-446655440003', 45000.00, 'We propose to develop a cutting-edge e-commerce platform using Next.js and Node.js. Our team has 5+ years of experience in similar projects. We will deliver a fully responsive, SEO-optimized platform with integrated payment processing and comprehensive admin dashboard. Timeline includes 2 weeks for design, 6 weeks for development, and 2 weeks for testing and deployment.', 70, 'submitted', NOW() - INTERVAL '2 days', NOW() - INTERVAL '2 days', NOW()),
('770e8400-e29b-41d4-a716-446655440002', '660e8400-e29b-41d4-a716-446655440001', '550e8400-e29b-41d4-a716-446655440006', 48000.00, 'Our proposal includes a modern React-based e-commerce solution with microservices architecture. We specialize in scalable web applications and have delivered 20+ similar projects. The platform will include advanced features like AI-powered recommendations, multi-language support, and comprehensive analytics. We guarantee 99.9% uptime and provide 6 months of free maintenance.', 75, 'submitted', NOW() - INTERVAL '1 day', NOW() - INTERVAL '1 day', NOW()),
('770e8400-e29b-41d4-a716-446655440003', '660e8400-e29b-41d4-a716-446655440002', '550e8400-e29b-41d4-a716-446655440003', 70000.00, 'We will develop a comprehensive food delivery app using React Native for cross-platform compatibility. Our solution includes real-time order tracking, integrated payment systems, push notifications, and separate apps for customers, restaurants, and delivery drivers. We have successfully launched 3 similar apps with 100K+ downloads each.', 90, 'submitted', NOW() - INTERVAL '1 day', NOW() - INTERVAL '1 day', NOW()),
('770e8400-e29b-41d4-a716-446655440004', '660e8400-e29b-41d4-a716-446655440003', '550e8400-e29b-41d4-a716-446655440005', 2400000.00, 'BuildRight Construction proposes a comprehensive solution for your 10-story office building. Our 15-year experience in commercial construction ensures quality delivery. The project includes sustainable materials, energy-efficient systems, and LEED Gold certification. We commit to completing the project 2 weeks ahead of schedule with our proven project management methodology.', 365, 'submitted', NOW() - INTERVAL '3 days', NOW() - INTERVAL '3 days', NOW()),
('770e8400-e29b-41d4-a716-446655440005', '660e8400-e29b-41d4-a716-446655440004', '550e8400-e29b-41d4-a716-446655440006', 22000.00, 'Digital Services Pro offers a comprehensive digital marketing strategy tailored for SaaS product launches. Our approach includes targeted social media campaigns, content marketing, SEO optimization, and performance tracking. We have successfully launched 50+ SaaS products with an average 300% increase in user acquisition. Our team includes certified Google Ads specialists and social media experts.', 45, 'under_review', NOW() - INTERVAL '1 day', NOW() - INTERVAL '1 day', NOW()),
('770e8400-e29b-41d4-a716-446655440006', '660e8400-e29b-41d4-a716-446655440005', '550e8400-e29b-41d4-a716-446655440003', 38000.00, 'We specialize in AWS cloud migrations and infrastructure optimization. Our proposal includes a phased migration approach to minimize downtime, implementation of auto-scaling solutions, and comprehensive security measures. We are AWS Advanced Consulting Partners with 50+ successful migrations. The solution includes 24/7 monitoring, automated backups, and disaster recovery planning.', 60, 'submitted', NOW() - INTERVAL '12 hours', NOW() - INTERVAL '12 hours', NOW());

-- Insert sample bid evaluations
INSERT INTO bid_evaluations (id, bid_id, evaluator_id, technical_score, financial_score, overall_score, comments, created_at, updated_at) VALUES
('880e8400-e29b-41d4-a716-446655440001', '770e8400-e29b-41d4-a716-446655440001', '550e8400-e29b-41d4-a716-446655440002', 85, 90, 87, 'Strong technical proposal with good pricing. Team has relevant experience and timeline is realistic.', NOW() - INTERVAL '1 day', NOW()),
('880e8400-e29b-41d4-a716-446655440002', '770e8400-e29b-41d4-a716-446655440002', '550e8400-e29b-41d4-a716-446655440002', 90, 85, 88, 'Excellent technical approach with advanced features. Slightly higher price but good value for money.', NOW() - INTERVAL '1 day', NOW()),
('880e8400-e29b-41d4-a716-446655440003', '770e8400-e29b-41d4-a716-446655440005', '550e8400-e29b-41d4-a716-446655440002', 88, 95, 91, 'Outstanding proposal with proven track record. Competitive pricing and comprehensive strategy.', NOW() - INTERVAL '6 hours', NOW());

-- Insert sample comments
INSERT INTO comments (id, tender_id, user_id, content, is_public, created_at, updated_at) VALUES
('990e8400-e29b-41d4-a716-446655440001', '660e8400-e29b-41d4-a716-446655440001', '550e8400-e29b-41d4-a716-446655440003', 'Could you provide more details about the expected traffic volume and concurrent users?', true, NOW() - INTERVAL '2 days', NOW()),
('990e8400-e29b-41d4-a716-446655440002', '660e8400-e29b-41d4-a716-446655440001', '550e8400-e29b-41d4-a716-446655440002', 'We expect around 10,000 daily active users initially, with potential to scale to 100,000+ users within the first year.', true, NOW() - INTERVAL '1 day', NOW()),
('990e8400-e29b-41d4-a716-446655440003', '660e8400-e29b-41d4-a716-446655440002', '550e8400-e29b-41d4-a716-446655440006', 'What are the specific requirements for the restaurant dashboard?', true, NOW() - INTERVAL '1 day', NOW()),
('990e8400-e29b-41d4-a716-446655440004', '660e8400-e29b-41d4-a716-446655440003', '550e8400-e29b-41d4-a716-446655440005', 'We have experience with LEED certification and can ensure Gold level certification for this project.', true, NOW() - INTERVAL '2 days', NOW());

-- Insert sample notifications
INSERT INTO notifications (id, user_id, title, message, type, related_id, is_read, created_at) VALUES
('aa0e8400-e29b-41d4-a716-446655440001', '550e8400-e29b-41d4-a716-446655440002', 'New Bid Received', 'You have received a new bid for "Website Development for E-commerce Platform"', 'bid_received', '770e8400-e29b-41d4-a716-446655440001', false, NOW() - INTERVAL '2 days'),
('aa0e8400-e29b-41d4-a716-446655440002', '550e8400-e29b-41d4-a716-446655440002', 'New Bid Received', 'You have received a new bid for "Website Development for E-commerce Platform"', 'bid_received', '770e8400-e29b-41d4-a716-446655440002', false, NOW() - INTERVAL '1 day'),
('aa0e8400-e29b-41d4-a716-446655440003', '550e8400-e29b-41d4-a716-446655440003', 'Bid Submitted Successfully', 'Your bid for "Website Development for E-commerce Platform" has been submitted', 'bid_received', '770e8400-e29b-41d4-a716-446655440001', true, NOW() - INTERVAL '2 days'),
('aa0e8400-e29b-41d4-a716-446655440004', '550e8400-e29b-41d4-a716-446655440006', 'Bid Under Review', 'Your bid for "Digital Marketing Campaign for Product Launch" is now under review', 'bid_received', '770e8400-e29b-41d4-a716-446655440005', false, NOW() - INTERVAL '1 day'),
('aa0e8400-e29b-41d4-a716-446655440005', '550e8400-e29b-41d4-a716-446655440004', 'New Comment Added', 'A new comment has been added to your tender "Office Building Construction"', 'comment_added', '990e8400-e29b-41d4-a716-446655440004', false, NOW() - INTERVAL '2 days');

-- Insert sample tender invitations
INSERT INTO tender_invitations (id, tender_id, vendor_id, invited_by, message, status, invited_at) VALUES
('bb0e8400-e29b-41d4-a716-446655440001', '660e8400-e29b-41d4-a716-446655440006', '550e8400-e29b-41d4-a716-446655440003', '550e8400-e29b-41d4-a716-446655440002', 'We believe your expertise in data analytics would be perfect for this project. Please consider submitting a bid.', 'pending', NOW() - INTERVAL '1 day'),
('bb0e8400-e29b-41d4-a716-446655440002', '660e8400-e29b-41d4-a716-446655440005', '550e8400-e29b-41d4-a716-446655440006', '550e8400-e29b-41d4-a716-446655440004', 'Your cloud services expertise makes you an ideal candidate for this AWS migration project.', 'accepted', NOW() - INTERVAL '2 days');

-- Insert sample user favorites
INSERT INTO user_favorites (id, user_id, tender_id, created_at) VALUES
('cc0e8400-e29b-41d4-a716-446655440001', '550e8400-e29b-41d4-a716-446655440003', '660e8400-e29b-41d4-a716-446655440002', NOW() - INTERVAL '1 day'),
('cc0e8400-e29b-41d4-a716-446655440002', '550e8400-e29b-41d4-a716-446655440003', '660e8400-e29b-41d4-a716-446655440006', NOW() - INTERVAL '2 days'),
('cc0e8400-e29b-41d4-a716-446655440003', '550e8400-e29b-41d4-a716-446655440006', '660e8400-e29b-41d4-a716-446655440001', NOW() - INTERVAL '3 days'),
('cc0e8400-e29b-41d4-a716-446655440004', '550e8400-e29b-41d4-a716-446655440005', '660e8400-e29b-41d4-a716-446655440003', NOW() - INTERVAL '1 day');

-- Insert sample activity logs
INSERT INTO activity_logs (id, user_id, action, resource_type, resource_id, details, created_at) VALUES
('dd0e8400-e29b-41d4-a716-446655440001', '550e8400-e29b-41d4-a716-446655440002', 'CREATE', 'tender', '660e8400-e29b-41d4-a716-446655440001', '{"title": "Website Development for E-commerce Platform", "budget": 50000}', NOW() - INTERVAL '5 days'),
('dd0e8400-e29b-41d4-a716-446655440002', '550e8400-e29b-41d4-a716-446655440003', 'CREATE', 'bid', '770e8400-e29b-41d4-a716-446655440001', '{"tender_id": "660e8400-e29b-41d4-a716-446655440001", "amount": 45000}', NOW() - INTERVAL '2 days'),
('dd0e8400-e29b-41d4-a716-446655440003', '550e8400-e29b-41d4-a716-446655440001', 'LOGIN', 'user', '550e8400-e29b-41d4-a716-446655440001', '{"ip": "192.168.1.1"}', NOW() - INTERVAL '1 hour'),
('dd0e8400-e29b-41d4-a716-446655440004', '550e8400-e29b-41d4-a716-446655440002', 'UPDATE', 'tender', '660e8400-e29b-41d4-a716-446655440001', '{"status": "published"}', NOW() - INTERVAL '4 days'),
('dd0e8400-e29b-41d4-a716-446655440005', '550e8400-e29b-41d4-a716-446655440006', 'CREATE', 'comment', '990e8400-e29b-41d4-a716-446655440003', '{"tender_id": "660e8400-e29b-41d4-a716-446655440002"}', NOW() - INTERVAL '1 day');
