-- Insert sample users with hashed passwords (password123)
INSERT INTO users (id, email, password, first_name, last_name, role, company_name, phone, address, is_active, email_verified, created_at, updated_at) VALUES
('550e8400-e29b-41d4-a716-446655440001', 'admin@tms.com', '$2a$12$LQv3c1yqBw2LeOI.UKNOSu.Kyp33k9iFUKO5clQA2kE2LEzi1tn4.', 'Admin', 'User', 'admin', 'TMS Admin', '+1-555-0101', '123 Admin St, Admin City, AC 12345', true, true, NOW(), NOW()),
('550e8400-e29b-41d4-a716-446655440002', 'creator@tms.com', '$2a$12$LQv3c1yqBw2LeOI.UKNOSu.Kyp33k9iFUKO5clQA2kE2LEzi1tn4.', 'John', 'Creator', 'tender-creator', 'ABC Corporation', '+1-555-0102', '456 Creator Ave, Creator City, CC 23456', true, true, NOW(), NOW()),
('550e8400-e29b-41d4-a716-446655440003', 'vendor@tms.com', '$2a$12$LQv3c1yqBw2LeOI.UKNOSu.Kyp33k9iFUKO5clQA2kE2LEzi1tn4.', 'Jane', 'Vendor', 'vendor', 'XYZ Supplies', '+1-555-0103', '789 Vendor Blvd, Vendor City, VC 34567', true, true, NOW(), NOW()),
('550e8400-e29b-41d4-a716-446655440004', 'creator2@tms.com', '$2a$12$LQv3c1yqBw2LeOI.UKNOSu.Kyp33k9iFUKO5clQA2kE2LEzi1tn4.', 'Sarah', 'Johnson', 'tender-creator', 'DEF Industries', '+1-555-0104', '321 Industry Rd, Industry City, IC 45678', true, true, NOW(), NOW()),
('550e8400-e29b-41d4-a716-446655440005', 'vendor2@tms.com', '$2a$12$LQv3c1yqBw2LeOI.UKNOSu.Kyp33k9iFUKO5clQA2kE2LEzi1tn4.', 'Mike', 'Wilson', 'vendor', 'Tech Solutions Ltd', '+1-555-0105', '654 Tech Park, Tech City, TC 56789', true, true, NOW(), NOW()),
('550e8400-e29b-41d4-a716-446655440006', 'vendor3@tms.com', '$2a$12$LQv3c1yqBw2LeOI.UKNOSu.Kyp33k9iFUKO5clQA2kE2LEzi1tn4.', 'Lisa', 'Brown', 'vendor', 'Global Services Inc', '+1-555-0106', '987 Global St, Global City, GC 67890', true, true, NOW(), NOW());

-- Insert user settings for all users
INSERT INTO user_settings (user_id, email_notifications, push_notifications, marketing_emails, language, timezone) VALUES
('550e8400-e29b-41d4-a716-446655440001', true, true, false, 'en', 'UTC'),
('550e8400-e29b-41d4-a716-446655440002', true, true, true, 'en', 'America/New_York'),
('550e8400-e29b-41d4-a716-446655440003', true, false, false, 'en', 'America/Los_Angeles'),
('550e8400-e29b-41d4-a716-446655440004', true, true, true, 'en', 'Europe/London'),
('550e8400-e29b-41d4-a716-446655440005', false, true, false, 'en', 'Asia/Tokyo'),
('550e8400-e29b-41d4-a716-446655440006', true, true, true, 'en', 'Australia/Sydney');

-- Insert sample tenders
INSERT INTO tenders (id, title, description, category, budget, currency, deadline, location, requirements, attachments, status, created_by, views_count, created_at, updated_at) VALUES
('660e8400-e29b-41d4-a716-446655440001', 'Website Development Project', 'We need a modern, responsive website for our e-commerce business. The website should include user authentication, product catalog, shopping cart, and payment integration.', 'IT Services', 50000.00, 'USD', '2024-12-31 23:59:59', 'New York, NY', '{"technical_requirements": ["React/Next.js", "Node.js backend", "PostgreSQL database", "Payment gateway integration"], "experience_required": "3+ years", "timeline": "3 months"}', '{"specifications": "website_specs.pdf", "wireframes": "wireframes.pdf"}', 'published', '550e8400-e29b-41d4-a716-446655440002', 45, NOW() - INTERVAL '5 days', NOW()),

('660e8400-e29b-41d4-a716-446655440002', 'Office Renovation', 'Complete renovation of our 5000 sq ft office space including electrical work, plumbing, flooring, and interior design.', 'Construction', 150000.00, 'USD', '2024-11-30 17:00:00', 'Los Angeles, CA', '{"scope": ["Electrical work", "Plumbing", "Flooring", "Interior design", "HVAC"], "certifications_required": ["Licensed contractor", "Insured"], "timeline": "6 weeks"}', '{"floor_plans": "office_plans.pdf", "current_photos": "current_office.zip"}', 'published', '550e8400-e29b-41d4-a716-446655440004', 32, NOW() - INTERVAL '3 days', NOW()),

('660e8400-e29b-41d4-a716-446655440003', 'Marketing Campaign Design', 'Design and execute a comprehensive digital marketing campaign for our new product launch. Includes social media, email marketing, and PPC advertising.', 'Marketing', 25000.00, 'USD', '2024-10-15 12:00:00', 'Remote', '{"deliverables": ["Campaign strategy", "Creative assets", "Social media content", "Email templates", "PPC setup"], "platforms": ["Facebook", "Instagram", "Google Ads", "LinkedIn"], "duration": "3 months"}', '{"brand_guidelines": "brand_guide.pdf", "product_info": "product_details.pdf"}', 'published', '550e8400-e29b-41d4-a716-446655440002', 28, NOW() - INTERVAL '7 days', NOW()),

('660e8400-e29b-41d4-a716-446655440004', 'Mobile App Development', 'Develop a cross-platform mobile application for iOS and Android. The app should include user profiles, real-time messaging, and location services.', 'IT Services', 75000.00, 'USD', '2025-01-15 23:59:59', 'San Francisco, CA', '{"platforms": ["iOS", "Android"], "technologies": ["React Native or Flutter", "Firebase", "Push notifications", "Maps integration"], "features": ["User authentication", "Real-time chat", "Location services", "Push notifications"]}', '{"app_mockups": "app_designs.pdf", "technical_specs": "tech_requirements.pdf"}', 'published', '550e8400-e29b-41d4-a716-446655440004', 67, NOW() - INTERVAL '2 days', NOW()),

('660e8400-e29b-41d4-a716-446655440005', 'Supply Chain Management System', 'Custom software solution for managing our supply chain operations including inventory tracking, supplier management, and logistics coordination.', 'IT Services', 120000.00, 'USD', '2024-12-20 18:00:00', 'Chicago, IL', '{"modules": ["Inventory management", "Supplier portal", "Order tracking", "Reporting dashboard", "API integrations"], "technology_stack": ["Enterprise-grade", "Cloud-based", "Scalable architecture"], "timeline": "6 months"}', '{"current_system": "current_workflow.pdf", "requirements": "detailed_requirements.pdf"}', 'published', '550e8400-e29b-41d4-a716-446655440002', 23, NOW() - INTERVAL '1 day', NOW()),

('660e8400-e29b-41d4-a716-446655440006', 'Corporate Training Program', 'Develop and deliver a comprehensive training program for our employees covering leadership, communication, and technical skills.', 'Training', 35000.00, 'USD', '2024-11-10 16:00:00', 'Boston, MA', '{"topics": ["Leadership development", "Communication skills", "Technical training", "Team building"], "format": ["In-person workshops", "Online modules", "Assessment tools"], "participants": "200 employees"}', '{"training_outline": "training_plan.pdf", "company_profile": "company_info.pdf"}', 'published', '550e8400-e29b-41d4-a716-446655440004', 19, NOW() - INTERVAL '4 days', NOW()),

('660e8400-e29b-41d4-a716-446655440007', 'Data Analytics Platform', 'Build a comprehensive data analytics platform to process and visualize our business data with real-time dashboards and reporting capabilities.', 'IT Services', 90000.00, 'USD', '2025-02-28 23:59:59', 'Seattle, WA', '{"features": ["Real-time dashboards", "Custom reports", "Data visualization", "API integrations", "User management"], "technologies": ["Python/R", "SQL databases", "Cloud infrastructure", "BI tools"], "data_sources": ["CRM", "ERP", "Web analytics", "Social media"]}', '{"data_samples": "sample_data.csv", "current_reports": "existing_reports.pdf"}', 'draft', '550e8400-e29b-41d4-a716-446655440002', 5, NOW(), NOW());

-- Insert sample bids
INSERT INTO bids (id, tender_id, vendor_id, amount, currency, proposal, delivery_time, documents, status, submitted_at, created_at, updated_at) VALUES
('770e8400-e29b-41d4-a716-446655440001', '660e8400-e29b-41d4-a716-446655440001', '550e8400-e29b-41d4-a716-446655440003', 45000.00, 'USD', 'We propose to develop a modern, responsive e-commerce website using Next.js and Node.js. Our team has extensive experience in building scalable web applications with secure payment integrations. We will deliver a fully functional website with all requested features including user authentication, product catalog, shopping cart, and payment gateway integration.', 90, '{"portfolio": "our_portfolio.pdf", "team_profiles": "team_info.pdf", "timeline": "project_timeline.pdf"}', 'submitted', NOW() - INTERVAL '2 days', NOW() - INTERVAL '2 days', NOW()),

('770e8400-e29b-41d4-a716-446655440002', '660e8400-e29b-41d4-a716-446655440001', '550e8400-e29b-41d4-a716-446655440005', 48000.00, 'USD', 'Tech Solutions Ltd offers comprehensive web development services. We will use React with TypeScript for the frontend and Node.js with Express for the backend. Our solution includes advanced security features, SEO optimization, and mobile-first design approach.', 85, '{"technical_proposal": "tech_approach.pdf", "cost_breakdown": "detailed_costs.pdf", "references": "client_references.pdf"}', 'submitted', NOW() - INTERVAL '1 day', NOW() - INTERVAL '1 day', NOW()),

('770e8400-e29b-41d4-a716-446655440003', '660e8400-e29b-41d4-a716-446655440002', '550e8400-e29b-41d4-a716-446655440003', 140000.00, 'USD', 'XYZ Supplies has 15+ years of experience in commercial renovations. We are licensed, insured, and have completed similar office renovation projects. Our proposal includes detailed project phases, quality materials, and experienced craftsmen for electrical, plumbing, and interior work.', 42, '{"license_certificate": "contractor_license.pdf", "insurance_docs": "insurance.pdf", "previous_projects": "portfolio.pdf"}', 'under_review', NOW() - INTERVAL '3 days', NOW() - INTERVAL '3 days', NOW()),

('770e8400-e29b-41d4-a716-446655440004', '660e8400-e29b-41d4-a716-446655440003', '550e8400-e29b-41d4-a716-446655440006', 22000.00, 'USD', 'Global Services Inc specializes in digital marketing campaigns. We will create a comprehensive strategy including social media management, email marketing automation, and targeted PPC campaigns. Our team includes certified Google Ads and Facebook marketing specialists.', 90, '{"marketing_strategy": "campaign_strategy.pdf", "team_certifications": "certifications.pdf", "case_studies": "success_stories.pdf"}', 'submitted', NOW() - INTERVAL '5 days', NOW() - INTERVAL '5 days', NOW()),

('770e8400-e29b-41d4-a716-446655440005', '660e8400-e29b-41d4-a716-446655440004', '550e8400-e29b-41d4-a716-446655440005', 70000.00, 'USD', 'We propose developing your mobile app using React Native for cross-platform compatibility. Our solution includes Firebase backend, real-time messaging with Socket.io, Google Maps integration, and push notifications. We have developed 50+ mobile apps with similar requirements.', 120, '{"app_portfolio": "mobile_apps.pdf", "technical_architecture": "app_architecture.pdf", "development_process": "our_process.pdf"}', 'submitted', NOW() - INTERVAL '1 day', NOW() - INTERVAL '1 day', NOW()),

('770e8400-e29b-41d4-a716-446655440006', '660e8400-e29b-41d4-a716-446655440005', '550e8400-e29b-41d4-a716-446655440003', 115000.00, 'USD', 'XYZ Supplies offers a complete supply chain management solution built on cloud infrastructure. Our system includes inventory tracking, supplier portal, automated ordering, and comprehensive reporting. We have implemented similar systems for Fortune 500 companies.', 180, '{"system_demo": "demo_video.mp4", "client_testimonials": "testimonials.pdf", "implementation_plan": "implementation.pdf"}', 'submitted', NOW() - INTERVAL '6 hours', NOW() - INTERVAL '6 hours', NOW());

-- Insert sample comments
INSERT INTO comments (id, tender_id, user_id, content, parent_id, is_public, created_at, updated_at) VALUES
('880e8400-e29b-41d4-a716-446655440001', '660e8400-e29b-41d4-a716-446655440001', '550e8400-e29b-41d4-a716-446655440003', 'What specific payment gateways do you prefer for integration?', NULL, true, NOW() - INTERVAL '1 day', NOW() - INTERVAL '1 day'),
('880e8400-e29b-41d4-a716-446655440002', '660e8400-e29b-41d4-a716-446655440001', '550e8400-e29b-41d4-a716-446655440002', 'We prefer Stripe and PayPal integration. Square would also be acceptable.', '880e8400-e29b-41d4-a716-446655440001', true, NOW() - INTERVAL '20 hours', NOW() - INTERVAL '20 hours'),
('880e8400-e29b-41d4-a716-446655440003', '660e8400-e29b-41d4-a716-446655440002', '550e8400-e29b-41d4-a716-446655440005', 'Do you have any specific requirements for the HVAC system?', NULL, true, NOW() - INTERVAL '2 days', NOW() - INTERVAL '2 days'),
('880e8400-e29b-41d4-a716-446655440004', '660e8400-e29b-41d4-a716-446655440003', '550e8400-e29b-41d4-a716-446655440006', 'Can you provide more details about the target audience demographics?', NULL, true, NOW() - INTERVAL '4 days', NOW() - INTERVAL '4 days'),
('880e8400-e29b-41d4-a716-446655440005', '660e8400-e29b-41d4-a716-446655440004', '550e8400-e29b-41d4-a716-446655440003', 'Will the app need to support offline functionality?', NULL, true, NOW() - INTERVAL '1 day', NOW() - INTERVAL '1 day');

-- Insert sample notifications
INSERT INTO notifications (id, user_id, title, message, type, related_id, is_read, created_at) VALUES
('990e8400-e29b-41d4-a716-446655440001', '550e8400-e29b-41d4-a716-446655440002', 'New Bid Received', 'You have received a new bid for "Website Development Project"', 'bid_received', '770e8400-e29b-41d4-a716-446655440001', false, NOW() - INTERVAL '2 days'),
('990e8400-e29b-41d4-a716-446655440002', '550e8400-e29b-41d4-a716-446655440002', 'New Bid Received', 'You have received a new bid for "Website Development Project"', 'bid_received', '770e8400-e29b-41d4-a716-446655440002', false, NOW() - INTERVAL '1 day'),
('990e8400-e29b-41d4-a716-446655440003', '550e8400-e29b-41d4-a716-446655440004', 'New Bid Received', 'You have received a new bid for "Office Renovation"', 'bid_received', '770e8400-e29b-41d4-a716-446655440003', true, NOW() - INTERVAL '3 days'),
('990e8400-e29b-41d4-a716-446655440004', '550e8400-e29b-41d4-a716-446655440003', 'New Comment', 'Someone commented on "Website Development Project"', 'comment_added', '880e8400-e29b-41d4-a716-446655440001', false, NOW() - INTERVAL '1 day'),
('990e8400-e29b-41d4-a716-446655440005', '550e8400-e29b-41d4-a716-446655440005', 'Bid Status Update', 'Your bid for "Mobile App Development" is under review', 'bid_received', '770e8400-e29b-41d4-a716-446655440005', false, NOW() - INTERVAL '12 hours'),
('990e8400-e29b-41d4-a716-446655440006', '550e8400-e29b-41d4-a716-446655440006', 'New Tender Published', 'A new tender "Corporate Training Program" has been published', 'tender_published', '660e8400-e29b-41d4-a716-446655440006', true, NOW() - INTERVAL '4 days');

-- Insert sample tender invitations
INSERT INTO tender_invitations (id, tender_id, vendor_id, invited_by, message, status, invited_at) VALUES
('aa0e8400-e29b-41d4-a716-446655440001', '660e8400-e29b-41d4-a716-446655440001', '550e8400-e29b-41d4-a716-446655440003', '550e8400-e29b-41d4-a716-446655440002', 'We would like to invite you to bid on our website development project. Your portfolio shows excellent work in e-commerce solutions.', 'accepted', NOW() - INTERVAL '3 days'),
('aa0e8400-e29b-41d4-a716-446655440002', '660e8400-e29b-41d4-a716-446655440001', '550e8400-e29b-41d4-a716-446655440005', '550e8400-e29b-41d4-a716-446655440002', 'Your company comes highly recommended for web development projects. Please consider bidding on our e-commerce website project.', 'accepted', NOW() - INTERVAL '2 days'),
('aa0e8400-e29b-41d4-a716-446655440003', '660e8400-e29b-41d4-a716-446655440002', '550e8400-e29b-41d4-a716-446655440003', '550e8400-e29b-41d4-a716-446655440004', 'We are inviting you to bid on our office renovation project. Your experience in commercial construction makes you an ideal candidate.', 'accepted', NOW() - INTERVAL '4 days'),
('aa0e8400-e29b-41d4-a716-446655440004', '660e8400-e29b-41d4-a716-446655440004', '550e8400-e29b-41d4-a716-446655440005', '550e8400-e29b-41d4-a716-446655440004', 'We would like to invite your team to bid on our mobile app development project. Your expertise in React Native development is exactly what we need.', 'accepted', NOW() - INTERVAL '2 days'),
('aa0e8400-e29b-41d4-a716-446655440005', '660e8400-e29b-41d4-a716-446655440003', '550e8400-e29b-41d4-a716-446655440006', '550e8400-e29b-41d4-a716-446655440002', 'Your marketing agency has an excellent reputation. We would love to have you bid on our digital marketing campaign.', 'accepted', NOW() - INTERVAL '6 days'),
('aa0e8400-e29b-41d4-a716-446655440006', '660e8400-e29b-41d4-a716-446655440005', '550e8400-e29b-41d4-a716-446655440006', '550e8400-e29b-41d4-a716-446655440002', 'We are looking for experienced vendors for our supply chain management system. Your company profile matches our requirements perfectly.', 'pending', NOW() - INTERVAL '1 day');

-- Insert sample user favorites
INSERT INTO user_favorites (id, user_id, tender_id, created_at) VALUES
('bb0e8400-e29b-41d4-a716-446655440001', '550e8400-e29b-41d4-a716-446655440003', '660e8400-e29b-41d4-a716-446655440001', NOW() - INTERVAL '2 days'),
('bb0e8400-e29b-41d4-a716-446655440002', '550e8400-e29b-41d4-a716-446655440003', '660e8400-e29b-41d4-a716-446655440004', NOW() - INTERVAL '1 day'),
('bb0e8400-e29b-41d4-a716-446655440003', '550e8400-e29b-41d4-a716-446655440005', '660e8400-e29b-41d4-a716-446655440001', NOW() - INTERVAL '3 days'),
('bb0e8400-e29b-41d4-a716-446655440004', '550e8400-e29b-41d4-a716-446655440005', '660e8400-e29b-41d4-a716-446655440004', NOW() - INTERVAL '2 days'),
('bb0e8400-e29b-41d4-a716-446655440005', '550e8400-e29b-41d4-a716-446655440006', '660e8400-e29b-41d4-a716-446655440003', NOW() - INTERVAL '5 days'),
('bb0e8400-e29b-41d4-a716-446655440006', '550e8400-e29b-41d4-a716-446655440006', '660e8400-e29b-41d4-a716-446655440005', NOW() - INTERVAL '1 day');

-- Insert sample bid evaluations
INSERT INTO bid_evaluations (id, bid_id, evaluator_id, technical_score, financial_score, overall_score, comments, created_at, updated_at) VALUES
('cc0e8400-e29b-41d4-a716-446655440001', '770e8400-e29b-41d4-a716-446655440001', '550e8400-e29b-41d4-a716-446655440002', 85, 90, 87, 'Strong technical proposal with good cost structure. Team has relevant experience in e-commerce development.', NOW() - INTERVAL '1 day', NOW() - INTERVAL '1 day'),
('cc0e8400-e29b-41d4-a716-446655440002', '770e8400-e29b-41d4-a716-446655440002', '550e8400-e29b-41d4-a716-446655440002', 90, 85, 88, 'Excellent technical approach with TypeScript and advanced security features. Slightly higher cost but justified by quality.', NOW() - INTERVAL '1 day', NOW() - INTERVAL '1 day'),
('cc0e8400-e29b-41d4-a716-446655440003', '770e8400-e29b-41d4-a716-446655440003', '550e8400-e29b-41d4-a716-446655440004', 95, 88, 92, 'Outstanding credentials and portfolio. Comprehensive approach to renovation with quality materials and experienced team.', NOW() - INTERVAL '2 days', NOW() - INTERVAL '2 days');

-- Insert sample activity logs
INSERT INTO activity_logs (id, user_id, action, resource_type, resource_id, details, ip_address, user_agent, created_at) VALUES
('dd0e8400-e29b-41d4-a716-446655440001', '550e8400-e29b-41d4-a716-446655440002', 'CREATE', 'tender', '660e8400-e29b-41d4-a716-446655440001', '{"title": "Website Development Project", "budget": 50000}', '192.168.1.100', 'Mozilla/5.0 (Windows NT 10.0; Win64; x64) AppleWebKit/537.36', NOW() - INTERVAL '5 days'),
('dd0e8400-e29b-41d4-a716-446655440002', '550e8400-e29b-41d4-a716-446655440003', 'CREATE', 'bid', '770e8400-e29b-41d4-a716-446655440001', '{"tender_id": "660e8400-e29b-41d4-a716-446655440001", "amount": 45000}', '192.168.1.101', 'Mozilla/5.0 (Macintosh; Intel Mac OS X 10_15_7) AppleWebKit/537.36', NOW() - INTERVAL '2 days'),
('dd0e8400-e29b-41d4-a716-446655440003', '550e8400-e29b-41d4-a716-446655440004', 'UPDATE', 'tender', '660e8400-e29b-41d4-a716-446655440002', '{"status": "published"}', '192.168.1.102', 'Mozilla/5.0 (X11; Linux x86_64) AppleWebKit/537.36', NOW() - INTERVAL '3 days'),
('dd0e8400-e29b-41d4-a716-446655440004', '550e8400-e29b-41d4-a716-446655440005', 'CREATE', 'bid', '770e8400-e29b-41d4-a716-446655440005', '{"tender_id": "660e8400-e29b-41d4-a716-446655440004", "amount": 70000}', '192.168.1.103', 'Mozilla/5.0 (Windows NT 10.0; Win64; x64) AppleWebKit/537.36', NOW() - INTERVAL '1 day'),
('dd0e8400-e29b-41d4-a716-446655440005', '550e8400-e29b-41d4-a716-446655440001', 'LOGIN', 'user', '550e8400-e29b-41d4-a716-446655440001', '{"login_method": "email"}', '192.168.1.104', 'Mozilla/5.0 (iPhone; CPU iPhone OS 14_7_1 like Mac OS X) AppleWebKit/605.1.15', NOW() - INTERVAL '2 hours');
